[
    {
        "ZQM_CREATE_NOTIFICATION_RETURN": [
            {
                "ID_NO": "DFP-DY50-22090003",
                "QMNUM": "",
                "DATE": "2023-08-21T15:16:49.4218686+07:00"
            }
        ],
        "ZQM_CREATE_NOTIFICATION_RETURNMESSAGES": [
            {
                "TYPE": "E",
                "ID": "QM",
                "NUMBER": 3,
                "MESSAGE": "Vendor 1010000000 has not been created for purchasing organization 1000",
                "LOG_NO": "",
                "LOG_MSG_NO": 0,
                "MESSAGE_V1": "",
                "MESSAGE_V2": "",
                "MESSAGE_V3": "",
                "MESSAGE_V4": "",
                "PARAMETER": "",
                "ROW": 0,
                "FIELD": "",
                "SYSTEM": ""
            }
        ]
    }
]
