{
  "totalPage": 8,
  "size": 500,
  "totalElement": 3789,
  "totalResult": 3179,
  "page": 1,
  "result": [
    {
      "b10Name": "Finance",
      "b1Name": "SKC",
      "b2Name": "SKC|SEVP",
      "b3Name": "SKC|SEVP|DY70000000",
      "b4Name": "SKC|SEVP|DY70000000|DY70000002",
      "b5Name": "SKC|SEVP|DY70000000|DY70000002|DY75000000",
      "b6Name": "SKC|SEVP|DY70000000|DY70000002|DY75000000|DY75500000",
      "b7Name": "Finance|Accounts Receivable",
      "b8Name": "Finance|Accounts Receivable|2023",
      "b9Name": "Finance|Accounts Receivable|2023|Q3",
      "emCode": "11958",
      "emLevelName": "O4",
      "emName": "คารมย์ พรมวัง",
      "jobManA": "John Manager",
      "jobNameA": "Accountant",
      "jobRoleCode": "SKCN0448",
      "jobRoleName": "หัวหน้าทีมตรวจรับรองสินค้า",
      "manCode": "14374",
      "manJobRoleCode": "SKCN1023",
      "manJobRoleName": "ผู้จัดการบริการเทคนิคเครื่องจักรกลการก่อสร้างและการจัดการเครื่องจักรกล",
      "manlevCode": "S4",
      "manName": "สันติภาพ สาแก้ว",
      "nStep": "1",
      "posType": "M",
      "posTypeName": "Main",
      "stepD": "1",
      "stuId": 3575523061906153185,
      "stuManId": "3575523061906153185"
    },
    {
      "b10Name": "Operations",
      "b1Name": "SKD",
      "b2Name": "SKD|SEVP",
      "b3Name": "SKD|SEVP|DY70000001",
      "b4Name": "SKD|SEVP|DY70000001|DY70000003",
      "b5Name": "SKD|SEVP|DY70000001|DY70000003|DY75000001",
      "b6Name": "SKD|SEVP|DY70000001|DY70000003|DY75000001|DY75500001",
      "b7Name": "Operations|Inventory Management",
      "b8Name": "Operations|Inventory Management|2023",
      "b9Name": "Operations|Inventory Management|2023|Q3",
      "emCode": "11959",
      "emLevelName": "O3",
      "emName": "สมชาย สมบูรณ์",
      "jobManA": "Jane Manager",
      "jobNameA": "Inventory Manager",
      "jobRoleCode": "SKDN0449",
      "jobRoleName": "หัวหน้าทีมจัดการสินค้าคงคลัง",
      "manCode": "14375",
      "manJobRoleCode": "SKDN1024",
      "manJobRoleName": "ผู้จัดการบริการเทคนิคเครื่องจักรกลการผลิตและการจัดการเครื่องจักรกล",
      "manlevCode": "S3",
      "manName": "วิชัย วิชิต",
      "nStep": "2",
      "posType": "S",
      "posTypeName": "Support",
      "stepD": "2",
      "stuId": 3575523061906153186,
      "stuManId": "3575523061906153186"
    },
    {
      "b10Name": "Human Resources",
      "b1Name": "SKE",
      "b2Name": "SKE|SEVP",
      "b3Name": "SKE|SEVP|DY70000002",
      "b4Name": "SKE|SEVP|DY70000002|DY70000004",
      "b5Name": "SKE|SEVP|DY70000002|DY70000004|DY75000002",
      "b6Name": "SKE|SEVP|DY70000002|DY70000004|DY75000002|DY75500002",
      "b7Name": "Human Resources|Recruitment",
      "b8Name": "Human Resources|Recruitment|2023",
      "b9Name": "Human Resources|Recruitment|2023|Q3",
      "emCode": "11960",
      "emLevelName": "O2",
      "emName": "สมศักดิ์ สมควร",
      "jobManA": "Jack Manager",
      "jobNameA": "Recruitment Manager",
      "jobRoleCode": "SKEN0450",
      "jobRoleName": "หัวหน้าทีมจัดหาบุคคล",
      "manCode": "14376",
      "manJobRoleCode": "SKEN1025",
      "manJobRoleName": "ผู้จัดการบริการเทคนิคเครื่องจักรกลการทรัพยากรบุคคลและการจัดการเครื่องจักรกล",
      "manlevCode": "S2",
      "manName": "ประสพ ประสิทธิ์",
      "nStep": "3",
      "posType": "A",
      "posTypeName": "Auxiliary",
      "stepD": "3",
      "stuId": 3575523061906153187,
      "stuManId": "3575523061906153187"
    }
  ]
}
