[
    {
        "accntCode": "7632246646",
        "b10Code": "",
        "b1Code": "SKC",
        "b2Code": "SKC|SEVP",
        "b3Code": "",
        "b4Code": "",
        "b5Code": "SKC|SEVP|0|0|DY11000000",
        "b6Code": "SKC|SEVP|0|0|DY11000000|DY11010000",
        "b7Code": "",
        "b8Code": "SKC|SEVP|0|0|DY11000000|DY11010000|0|DY11010300",
        "b9Code": "",
        "bankNameAbb": "KBANK",
        "birthDate": "30/08/1989",
        "combCode": "DY11010000",
        "emailAddress": "wimonsiri.t@kubota.com",
        "emCode": "15037",
        "emGroupNameAlt": "กลุ่มพนักงานประจำ",
        "emInActive": "A",
        "emLevelCode": "S3",
        "employeeGroupCode": "G0002",
        "employeeGroupName": "กลุ่มพนักงานประจำ",
        "endJobD": "",
        "estName": "บริษัท สยามคูโบต้าคอร์ปอเรชั่น จำกัด (นวนคร)",
        "firstName": "วิมลสิริ",
        "firstNameAlt": "Wimonsiri",
        "gender": "F",
        "img": "15037.jpg",
        "jobRoleCode": "SKCN0339",
        "jobRoleName": "ผู้ช่วยผู้จัดการส่วน - ระบบสารสนเทศและปฏิบัติการ",
        "lastName": "ธรรมเจริญ",
        "lastNameAlt": "Thumcharoen",
        "locCode": "HEA01",
        "locName": "สำนักงานใหญ่-นวนคร",
        "locNameAlt": "Head Office (HQ-Nava)",
        "mobile": "0909824092",
        "nationId": "1160100265062",
        "nickName": "ตูน",
        "nickNameAlt": "",
        "phone": "",
        "positionCode": "Ass_Mgr",
        "posName": "ผู้ช่วยผู้จัดการ",
        "posNameAlt": "Assistant Manager",
        "prefix": "นางสาว",
        "prefixAlt": "Ms.",
        "pubName": "SKC_G3",
        "rfId": "CA1C3649",
        "startJobDate": "01/01/2016",
        "stuOwner": "Top",
        "updateDate": "2023-08-21T08:13:22.141Z"
    },
    {
        "accntCode": "1462859925",
        "b10Code": "",
        "b1Code": "SKL",
        "b2Code": "SKL|EO10000000",
        "b3Code": "",
        "b4Code": "",
        "b5Code": "SKL|EO10000000|0|0|EO50000000",
        "b6Code": "SKL|EO10000000|0|0|EO50000000|EO54200000",
        "b7Code": "",
        "b8Code": "SKL|EO10000000|0|0|EO50000000|EO54200000|0|EO54200003",
        "b9Code": "",
        "bankNameAbb": "KBANK",
        "birthDate": "30/09/1985",
        "combCode": "EO54200000",
        "emailAddress": "aurairut.k@kubota.com",
        "emCode": "30387",
        "emGroupNameAlt": "กลุ่มพนักงานประจำ",
        "emInActive": "A",
        "emLevelCode": "O5",
        "employeeGroupCode": "G0002",
        "employeeGroupName": "กลุ่มพนักงานประจำ",
        "endJobD": "",
        "estName": "บริษัท สยามคูโบต้า ลีสซิ่ง จำกัด ",
        "firstName": "อุไรรัตน์",
        "firstNameAlt": "Aurairut",
        "gender": "F",
        "img": "30387.jpg",
        "jobRoleCode": "SKL0470",
        "jobRoleName": "เจ้าหน้าที่บริหารงานประกันภัย",
        "lastName": "แก้วเพชร",
        "lastNameAlt": "Kaewpheth",
        "locCode": "HEA02",
        "locName": "สำนักงานใหญ่-SKL",
        "locNameAlt": "Head Office (SKL)",
        "mobile": "0924532362",
        "nationId": "1640400015181",
        "nickName": "อุ๊",
        "nickNameAlt": "",
        "phone": "3421",
        "positionCode": "Foreman",
        "posName": "เจ้าหน้าที่/หัวหน้างาน",
        "posNameAlt": "Foreman",
        "prefix": "นางสาว",
        "prefixAlt": "Ms.",
        "pubName": "SKL",
        "rfId": "3D8194A0",
        "startJobDate": "16/05/2011",
        "stuOwner": "None",
        "updateDate": "2023-08-21T08:13:22.141Z"
    },
    {
        "accntCode": "4052704674",
        "b10Code": "",
        "b1Code": "SKL",
        "b2Code": "SKL|EO10000000",
        "b3Code": "",
        "b4Code": "",
        "b5Code": "SKL|EO10000000|0|0|EO20000000",
        "b6Code": "SKL|EO10000000|0|0|EO20000000|EO23000000",
        "b7Code": "",
        "b8Code": "SKL|EO10000000|0|0|EO20000000|EO23000000|0|EO22000003",
        "b9Code": "",
        "bankNameAbb": "KBANK",
        "birthDate": "21/10/1981",
        "combCode": "EO23000000",
        "emailAddress": "kanya.b@kubota.com",
        "emCode": "30026",
        "emGroupNameAlt": "กลุ่มพนักงานประจำ-ระเบียบเดิม",
        "emInActive": "A",
        "emLevelCode": "S2",
        "employeeGroupCode": "G0001",
        "employeeGroupName": "กลุ่มพนักงานประจำ-ระเบียบเดิม",
        "endJobD": "",
        "estName": "บริษัท สยามคูโบต้า ลีสซิ่ง จำกัด ",
        "firstName": "กัญญา",
        "firstNameAlt": "Kanya",
        "gender": "F",
        "img": "30026.jpg",
        "jobRoleCode": "SKL0204",
        "jobRoleName": "เจ้าหน้าที่สนับสนุนงานขายอาวุโส",
        "lastName": "บุญกลาง",
        "lastNameAlt": "Boonklang",
        "locCode": "HEA02",
        "locName": "สำนักงานใหญ่-SKL",
        "locNameAlt": "Head Office (SKL)",
        "mobile": "0649496252",
        "nationId": "5302100149014",
        "nickName": "ญา",
        "nickNameAlt": "",
        "phone": "3217",
        "positionCode": "Foreman",
        "posName": "เจ้าหน้าที่/หัวหน้างาน",
        "posNameAlt": "Foreman",
        "prefix": "นางสาว",
        "prefixAlt": "Ms.",
        "pubName": "SKL",
        "rfId": "3DDB9C95",
        "startJobDate": "01/03/2006",
        "stuOwner": "None",
        "updateDate": "2023-08-21T08:13:22.141Z"
    },
    {
        "accntCode": "3712809332",
        "b10Code": "",
        "b1Code": "SKL",
        "b2Code": "SKL|EO10000000",
        "b3Code": "",
        "b4Code": "",
        "b5Code": "SKL|EO10000000|0|0|EO20000000",
        "b6Code": "SKL|EO10000000|0|0|EO20000000|EO22000000",
        "b7Code": "",
        "b8Code": "SKL|EO10000000|0|0|EO20000000|EO22000000|0|EO22000002",
        "b9Code": "SKL|EO10000000|0|0|EO20000000|EO22000000|0|EO22000002|EO22000002A",
        "bankNameAbb": "SCB",
        "birthDate": "29/01/1989",
        "combCode": "EO22000000",
        "emailAddress": "chaiyaporn.l@kubota.com",
        "emCode": "30389",
        "emGroupNameAlt": "กลุ่มพนักงานประจำ",
        "emInActive": "C",
        "emLevelCode": "S1",
        "employeeGroupCode": "G0002",
        "employeeGroupName": "กลุ่มพนักงานประจำ",
        "endJobD": "31/03/2022",
        "estName": "บริษัท สยามคูโบต้า ลีสซิ่ง จำกัด ",
        "firstName": "ชัยพร",
        "firstNameAlt": "Chaiyaporn",
        "gender": "M",
        "img": "30389.jpg",
        "jobRoleCode": "SKL0190",
        "jobRoleName": "เจ้าหน้าที่บริหารงานลูกค้าสัมพันธ์",
        "lastName": "หล้าต๋า",
        "lastNameAlt": "Larta",
        "locCode": "HEA02",
        "locName": "สำนักงานใหญ่-SKL",
        "locNameAlt": "Head Office (SKL)",
        "mobile": "0968269799",
        "nationId": "1101401557951",
        "nickName": "อันอัน",
        "nickNameAlt": "",
        "phone": "",
        "positionCode": "Foreman",
        "posName": "เจ้าหน้าที่/หัวหน้างาน",
        "posNameAlt": "Foreman",
        "prefix": "นาย",
        "prefixAlt": "Mr.",
        "pubName": "SKL",
        "rfId": "82876565",
        "startJobDate": "16/05/2011",
        "stuOwner": "None",
        "updateDate": "2023-08-21T08:13:22.141Z"
    },
    {
        "accntCode": "0210198222",
        "b10Code": "",
        "b1Code": "SKL",
        "b2Code": "SKL|EO10000000",
        "b3Code": "",
        "b4Code": "",
        "b5Code": "SKL|EO10000000|0|0|EO50000000",
        "b6Code": "SKL|EO10000000|0|0|EO50000000|EO54200000",
        "b7Code": "",
        "b8Code": "SKL|EO10000000|0|0|EO50000000|EO54200000|0|EO54200001",
        "b9Code": "",
        "bankNameAbb": "BBL",
        "birthDate": "30/11/1980",
        "combCode": "EO54200000",
        "emailAddress": "bandit.r@kubota.com",
        "emCode": "30146",
        "emGroupNameAlt": "กลุ่มพนักงานประจำ-ระเบียบเดิม",
        "emInActive": "A",
        "emLevelCode": "S4",
        "employeeGroupCode": "G0001",
        "employeeGroupName": "กลุ่มพนักงานประจำ-ระเบียบเดิม",
        "endJobD": "",
        "estName": "บริษัท สยามคูโบต้า ลีสซิ่ง จำกัด ",
        "firstName": "บัณฑิต",
        "firstNameAlt": "Bandit",
        "gender": "M",
        "img": "30146.jpg",
        "jobRoleCode": "SKL0261",
        "jobRoleName": "ผู้ช่วยผู้จัดการส่วน - บริหารงานประมูลรถ",
        "lastName": "ราชบุตร",
        "lastNameAlt": "Rajabutr",
        "locCode": "HEA02",
        "locName": "สำนักงานใหญ่-SKL",
        "locNameAlt": "Head Office (SKL)",
        "mobile": "0894599244",
        "nationId": "3670300365046",
        "nickName": "นิว",
        "nickNameAlt": "",
        "phone": "3230",
        "positionCode": "Ass_Mgr",
        "posName": "ผู้ช่วยผู้จัดการ",
        "posNameAlt": "Assistant Manager",
        "prefix": "นาย",
        "prefixAlt": "Mr.",
        "pubName": "SKL",
        "rfId": "8DD896A0",
        "startJobDate": "01/04/2009",
        "stuOwner": "Top",
        "updateDate": "2023-08-21T08:13:22.141Z"
    },
    {
        "accntCode": "4021083776",
        "b10Code": "SKL|EO10000000|0|0|EO20000000|EO21400000|0|EO21403000|EO21403100|EO21403101",
        "b1Code": "SKL",
        "b2Code": "SKL|EO10000000",
        "b3Code": "",
        "b4Code": "",
        "b5Code": "SKL|EO10000000|0|0|EO20000000",
        "b6Code": "SKL|EO10000000|0|0|EO20000000|EO21400000",
        "b7Code": "",
        "b8Code": "SKL|EO10000000|0|0|EO20000000|EO21400000|0|EO21403000",
        "b9Code": "SKL|EO10000000|0|0|EO20000000|EO21400000|0|EO21403000|EO21403100",
        "bankNameAbb": "SCB",
        "birthDate": "15/10/1981",
        "combCode": "EO21400000",
        "emailAddress": "geng.s@kubota.com",
        "emCode": "30020",
        "emGroupNameAlt": "กลุ่มพนักงานประจำ-ระเบียบเดิม",
        "emInActive": "C",
        "emLevelCode": "S1",
        "employeeGroupCode": "G0001",
        "employeeGroupName": "กลุ่มพนักงานประจำ-ระเบียบเดิม",
        "endJobD": "31/03/2023",
        "estName": "บริษัท สยามคูโบต้า ลีสซิ่ง จำกัด ",
        "firstName": "เก๋ง",
        "firstNameAlt": "Geng",
        "gender": "M",
        "img": "30020.jpg",
        "jobRoleCode": "SKL0087",
        "jobRoleName": "Credit Analyst - Nakhon Ratchasima",
        "lastName": "สุระขันตรี",
        "lastNameAlt": "Surakhantree",
        "locCode": "CRE21",
        "locName": "นครราชสีมา",
        "locNameAlt": "Nakhon Ratchasima",
        "mobile": "0898110582",
        "nationId": "5440300063315",
        "nickName": "เก๋ง",
        "nickNameAlt": "",
        "phone": "",
        "positionCode": "Foreman",
        "posName": "เจ้าหน้าที่/หัวหน้างาน",
        "posNameAlt": "Foreman",
        "prefix": "นาย",
        "prefixAlt": "Mr.",
        "pubName": "SKL",
        "rfId": "9263AA66",
        "startJobDate": "16/09/2006",
        "stuOwner": "None",
        "updateDate": "2023-08-21T08:13:22.141Z"
    }
]