{
    "ZQM_CHANGE_NOTIFICATION_RETURN": [
        {
            "ID_NO": "",
            "QMNUM": "200045600",
            "DATE": "2023-08-21T00:00:00"
        }
    ],
    "ZQM_CHANGE_NOTIFICATION_RETURNMESSAGES": [
        {
            "TYPE": "E",
            "ID": "38",
            "NUMBER": 0,
            "MESSAGE": "ID_NO is require field.",
            "LOG_NO": "",
            "LOG_MSG_NO": 0,
            "MESSAGE_V1": "ID_NO is require field.",
            "MESSAGE_V2": "",
            "MESSAGE_V3": "",
            "MESSAGE_V4": "",
            "PARAMETER": "",
            "ROW": 0,
            "FIELD": "",
            "SYSTEM": ""
        }
    ]
}