[
  {
    "accntCode": "7632246646",
    "b10Code": "",
    "b1Code": "SKC",
    "b2Code": "SKC|SEVP",
    "b3Code": "",
    "b4Code": "",
    "b5Code": "SKC|SEVP|0|0|DY11000000",
    "b6Code": "SKC|SEVP|0|0|DY11000000|DY11010000",
    "b7Code": "",
    "b8Code": "SKC|SEVP|0|0|DY11000000|DY11010000|0|DY11010300",
    "b9Code": "",
    "bankNameAbb": "KBANK",
    "birthDate": "30/08/1989",
    "combCode": "DY11010000",
    "emailAddress": "wimonsiri.t@kubota.com",
    "emCode": "15037",
    "emGroupNameAlt": "กลุ่มพนักงานประจำ",
    "emInActive": "A",
    "emLevelCode": "S3",
    "employeeGroupCode": "G0002",
    "employeeGroupName": "กลุ่มพนักงานประจำ",
    "endJobD": "",
    "estName": "บริษัท สยามคูโบต้าคอร์ปอเรชั่น จำกัด (นวนคร)",
    "firstName": "วิมลสิริ",
    "firstNameAlt": "Wimonsiri",
    "gender": "F",
    "img": "15037.jpg",
    "jobRoleCode": "SKCN0339",
    "jobRoleName": "ผู้ช่วยผู้จัดการส่วน - ระบบสารสนเทศและปฏิบัติการ",
    "lastName": "ธรรมเจริญ",
    "lastNameAlt": "Thumcharoen",
    "locCode": "HEA01",
    "locName": "สำนักงานใหญ่-นวนคร",
    "locNameAlt": "Head Office (HQ-Nava)",
    "mobile": "0909824092",
    "nationId": "1160100265062",
    "nickName": "ตูน",
    "nickNameAlt": "",
    "phone": "151",
    "positionCode": "Ass_Mgr",
    "posName": "ผู้ช่วยผู้จัดการ",
    "posNameAlt": "Assistant Manager",
    "prefix": "นางสาว",
    "prefixAlt": "Ms.",
    "pubName": "G3",
    "rfId": "CA1C3649",
    "startJobDate": "01/01/2016",
    "stuOwner": "Top",
    "updateDate": "29/03/2023"
  },
  {
    "accntCode": "9876543210",
    "b10Code": "B10CodeValue",
    "b1Code": "B1CodeValue",
    "b2Code": "B2CodeValue",
    "b3Code": "B3CodeValue",
    "b4Code": "B4CodeValue",
    "b5Code": "B5CodeValue",
    "b6Code": "B6CodeValue",
    "b7Code": "B7CodeValue",
    "b8Code": "B8CodeValue",
    "b9Code": "B9CodeValue",
    "bankNameAbb": "BankAbbValue",
    "birthDate": "01/01/1990",
    "combCode": "CombCodeValue",
    "emailAddress": "example@example.com",
    "emCode": "54321",
    "emGroupNameAlt": "EmployeeGroupName",
    "emInActive": "A",
    "emLevelCode": "S2",
    "employeeGroupCode": "EmployeeGroupCodeValue",
    "employeeGroupName": "EmployeeGroupName",
    "endJobD": "31/12/2022",
    "estName": "Company Name Inc.",
    "firstName": "John",
    "firstNameAlt": "John",
    "gender": "M",
    "img": "54321.jpg",
    "jobRoleCode": "JobRoleCodeValue",
    "jobRoleName": "JobRoleNameValue",
    "lastName": "Doe",
    "lastNameAlt": "Doe",
    "locCode": "LOC01",
    "locName": "Location Name",
    "locNameAlt": "Location Name",
    "mobile": "1234567890",
    "nationId": "1234567890123",
    "nickName": "Nick",
    "nickNameAlt": "Nick",
    "phone": "987654321",
    "positionCode": "PosCodeValue",
    "posName": "PositionNameValue",
    "posNameAlt": "PositionNameValue",
    "prefix": "Mr.",
    "prefixAlt": "Mr.",
    "pubName": "PublicNameValue",
    "rfId": "RFID123456",
    "startJobDate": "01/01/2010",
    "stuOwner": "OwnerName",
    "updateDate": "01/01/2023"
  }
]
