<?xml version="1.0" encoding="UTF-8"?>
<PostDocument>
  <dt_HEADER>
        <ID_NO>0000000002</ID_NO>
        <DOC_DATE>20230101</DOC_DATE>
        <DOC_TYPE>DR</DOC_TYPE>
        <POST_DATE>20230101</POST_DATE>
        <COMPANY>5151</COMPANY>
        <CURRENCY>THB</CURRENCY>
        <TRANS_DATE>20230101</TRANS_DATE>
        <REFERENCE>TEST ITEM AR</REFERENCE>
        <HEADER_TEXT>Document Header Text</HEADER_TEXT>
        <SIMULATE>X</SIMULATE>
  </dt_HEADER>
  <dt_INDIVIDUAL>
    <NAME>123456</NAME>
    <NAME_2>20230801</NAME_2>
  </dt_INDIVIDUAL>
  <dt_AP_ITEM>
      <ITEM_NO>001</ITEM_NO>
      <POSTING_KEY>01</POSTING_KEY>
  </dt_AP_ITEM>
  <dt_AR_ITEM>
    <ITEM_NO>0000000001</ITEM_NO>
    <POSTING_KEY>01</POSTING_KEY>
    <ACCOUNT_NO>4010210050</ACCOUNT_NO>
    <SPECIAL_GL>V</SPECIAL_GL>
    <AMOUNT_DC>6000</AMOUNT_DC>
    <TAX_CODE>O7</TAX_CODE>
    <BUS_PLACE>0000</BUS_PLACE>
    <BUS_AREA>1000</BUS_AREA>
    <PAY_TERM>A030</PAY_TERM>
    <DUE_ON>2023-01-01</DUE_ON>
    <ASSIGNMENT>ARO-10000000001</ASSIGNMENT>
    <ITEM_TEXT>Test IT_AR_ITEM</ITEM_TEXT>
    <LONGTEXT>โปโลเขียวตัดต่อกรม ชL</LONGTEXT>
    <LONGTEXT2></LONGTEXT2>
    <INVOICE_REF></INVOICE_REF>
    <YEAR_REF>2023</YEAR_REF>
  </dt_AR_ITEM>    
  <dt_GL_ITEM/>
  <dt_TAX_ITEM/>
  <dt_WHT_ITEM/>
</PostDocument>