{
  "ID_NO": "553",
  "NOTIF_TYPE": "Z1",
  "ZQM_CREATE_NOTIFICATION_NOTIFHEADER": [
    {
      "SHORT_TEXT": "ทดสอบ Qty",
      "SALES_ORD" : "test",
      "CODE_GROUP": "ZQM",
      "CODE": "1",
      "MATERIAL_PLANT": "DY50",
      "PURCH_ORG": "PDY1",
      "PUR_GROUP": "100",
      "VEND_NO": "2000000485"
    }
  ],
  "ZQM_CREATE_NOTIFICATION_I_VIQMEL": [
    {
      "ARBPL": "DCCFIN",
      "ARBPLWERK" : "DY50"
    }
  ],
  "ZQM_CREATE_NOTIFICATION_NOTITEM": [
    {
      "ITEM_KEY": 1,
      "ITEM_SORT_NO": 1,
      "DESCRIPT": "ทดสอบ Qty",
      "D_CODEGRP": "ZQM-DEF",
      "D_CODE": "1",
      "DL_CODEGRP": "ZQMSKCAM",
      "DL_CODE": "1",
      "ASSEMBLY": "1T157-01011",
      "SINGLE_UNIT_NR": "1000"
    }
  ],
  "ZQM_CREATE_NOTIFICATION_LONGTEXTS": [
    {
      "OBJTYPE": "QMEL",
      "TEXT_LINE": "123456"
    }
  ]
}
