  {
        "ApproverunId": 1070,
        "BU1ID": "SKC",
        "BU2ID": "SKC|SEVP",
        "BU3ID": "SKC|SEVP|DY50000000",
        "BU4ID": "SKC|SEVP|DY50000000|DY50000005",
        "BU5ID": "SKC|SEVP|DY50000000|DY50000005|DY52000000",
        "BU6ID": "SKC|SEVP|DY50000000|DY50000005|DY52000000|DY52020000",
        "BU7ID": "",
        "BU8ID": "SKC|SEVP|DY50000000|DY50000005|DY52000000|DY52020000|0|DY52020500",
        "BU9ID": "",
        "BU10ID": "",
        "EmployeeId": "15856",
        "EmpName": "ทศพล สาโพนทัน",
        "costCenter": "DY52020000",
        "EmpLevel": "S2",
        "EmpJobRoleId": "SKCN0023",
        "EmpJobRoleName": "Business System Analyst",
        "Action": "Main",
        "Step": "1",
        "BossId": "11579",
        "BossName": "สรยศ กาญจนโอฬารศิริ",
        "bossCostCenter": "DY52020000",
        "bossPositionId": "Ass_Mgr",
        "bossEmail": "sorayot.k@kubota.com",
        "BossJobRoleId": "SKCN0881",
        "BossJobRoleName": "Assistant Department Manager - Business Automation & Digitalization",
        "BossLevel": "S4",
        "Actor_JobRoleId": "",
        "Actor_JobRoleName": "",
        "ActorCostcenter": null,
        "ActorPosition": "",
        "mainId": null,
        "mainName": null,
        "mainCostcenter": null,
        "mainPosition": null,
        "startDate": null,
        "endDate": null
  }

