{
    "ZQM_CHANGE_NOTIFICATION_NOTIFHEADER": [
        {
            "REFOBJECTTYPE": null,
            "REFOBJECTKEY": null,
            "REFRELTYPE": null,
            "SHORT_TEXT": "ทดสอบ Qty",
            "PRIORITY": null,
            "NOTIFTIME": null,
            "NOTIF_DATE": null,
            "REPORTEDBY": null,
            "STARTDATE": null,
            "DESSTTIME": null,
            "ENDDATE": null,
            "DESENDTM": null,
            "CATALOGUE": null,
            "CODE_GROUP": "ZQM",
            "CODE": "1",
            "MATERIAL_PLANT": "DY50",
            "MATERIAL": null,
            "REV_LEV": null,
            "ADDITIONAL_DEVICE_DATA": null,
            "BATCH": null,
            "STOR_LOC_BATCH": null,
            "VENDRBATCH": null,
            "MATERIAL_CUSTOMER": null,
            "VEND_MAT": null,
            "MPN": null,
            "SERIALNO": null,
            "EQUIPMENT": null,
            "SALES_ORD": null,
            "S_ORD_ITEM": null,
            "PURCH_NO_C": null,
            "PURCH_DATE": null,
            "DELIV_NUMB": null,
            "DELIV_ITEM": null,
            "DIVISION": null,
            "SALESORG": null,
            "DISTR_CHAN": null,
            "CUST_NO": null,
            "PO_NUMBER": null,
            "PO_ITEM": null,
            "DOC_YEAR": null,
            "MAT_DOC": null,
            "MAT_DOC_ITEM": null,
            "PURCH_ORG": "PDY1",
            "PUR_GROUP": "100",
            "VEND_NO": "2000000485",
            "MANUFACTURER": null,
            "VERSION": null,
            "MATERIAL_PRODUCTION": null,
            "PLANT": null,
            "PROD_ORDER": null,
            "PROD_ORDER_OP_PLAN": null,
            "INSPOPER_INT": null,
            "OBJECT_TYPE_CIM_RESOURCE": null,
            "WORK_CTR": null,
            "WORK_CTR_PLANT": null,
            "QUANT_COMPLAINT": null,
            "MATERIAL_EXTERNAL": null,
            "MATERIAL_GUID": null,
            "MATERIAL_VERSION": null,
            "MATERIAL_PRODUCTION_EXTERNAL": null,
            "MATERIAL_PRODUCTION_GUID": null,
            "MATERIAL_PRODUCTION_VERSION": null,
            "MPN_EXTERNAL": null,
            "MPN_GUID": null,
            "MPN_VERSION": null,
            "QTY_UNIT": null,
            "ISOCODE_UNIT": null
        }
    ],
    "ZQM_CHANGE_NOTIFICATION_NOTIFHEADER_X": [
        {
            "REFOBJECTTYPE": null,
            "REFOBJECTKEY": null,
            "REFRELTYPE": null,
            "SHORT_TEXT": "X",
            "PRIORITY": null,
            "NOTIFTIME": null,
            "NOTIF_DATE": null,
            "REPORTEDBY": null,
            "STARTDATE": null,
            "DESSTTIME": null,
            "ENDDATE": null,
            "DESENDTM": null,
            "CATALOGUE": null,
            "CODE_GROUP": "X",
            "CODE": "X",
            "MATERIAL_PLANT": "X",
            "MATERIAL": null,
            "REV_LEV": null,
            "ADDITIONAL_DEVICE_DATA": null,
            "BATCH": null,
            "STOR_LOC_BATCH": null,
            "VENDRBATCH": null,
            "MATERIAL_CUSTOMER": null,
            "VEND_MAT": null,
            "MPN": null,
            "SERIALNO": null,
            "EQUIPMENT": null,
            "SALES_ORD": null,
            "S_ORD_ITEM": null,
            "PURCH_NO_C": null,
            "PURCH_DATE": null,
            "DELIV_NUMB": null,
            "DELIV_ITEM": null,
            "DIVISION": null,
            "SALESORG": null,
            "DISTR_CHAN": null,
            "CUST_NO": null,
            "PO_NUMBER": null,
            "PO_ITEM": null,
            "DOC_YEAR": null,
            "MAT_DOC": null,
            "MAT_DOC_ITEM": null,
            "PURCH_ORG": "X",
            "PUR_GROUP": "X",
            "VEND_NO": "X",
            "MANUFACTURER": null,
            "VERSION": null,
            "MATERIAL_PRODUCTION": null,
            "PLANT": null,
            "PROD_ORDER": null,
            "PROD_ORDER_OP_PLAN": null,
            "INSPOPER_INT": null,
            "OBJECT_TYPE_CIM_RESOURCE": null,
            "WORK_CTR": null,
            "WORK_CTR_PLANT": null,
            "QUANT_COMPLAINT": null,
            "SCENARIO": null,
            "MATERIAL_EXTERNAL": null,
            "MATERIAL_GUID": null,
            "MATERIAL_VERSION": null,
            "MATERIAL_PRODUCTION_EXTERNAL": null,
            "MATERIAL_PRODUCTION_GUID": null,
            "MATERIAL_PRODUCTION_VERSION": null,
            "MPN_EXTERNAL": null,
            "MPN_GUID": null,
            "MPN_VERSION": null
        }
    ],
    "ZQM_CHANGE_NOTIFICATION_SENDER": [],
    "ZQM_CHANGE_NOTIFICATION_NOTIFITEM": [
        {
            "REFOBJECTKEY": null,
            "ITEM_KEY": null,
            "ITEM_SORT_NO": 1,
            "DESCRIPT": "ทดสอบ Qty",
            "D_CAT_TYP": null,
            "D_CODEGRP": "ZQM-DEF",
            "D_CODE": "1",
            "DL_CAT_TYP": null,
            "DL_CODEGRP": "ZQMSKCAM",
            "DL_CODE": "1",
            "ASSEMBLY": "1T15701011",
            "ERR_CLASS": null,
            "QUANT_EXT_ITEM": null,
            "QUANT_INT_ITEM": 2.000,
            "QUANT_DEFECTS": 0,
            "VALUATION_DEF": null,
            "PHYS_SAMPLE_NR": null,
            "SINGLE_UNIT_NR": "1000",
            "ASSEMBLY_EXTERNAL": null,
            "ASSEMBLY_GUID": null,
            "ASSEMBLY_VERSION": null
        }
    ],
    "ZQM_CHANGE_NOTIFICATION_NOTIFITEM_X": [
        {
            "ITEM_KEY": null,
            "ITEM_SORT_NO": "X",
            "DESCRIPT": "X",
            "D_CAT_TYP": null,
            "D_CODEGRP": "X",
            "D_CODE": "X",
            "DL_CAT_TYP": null,
            "DL_CODEGRP": "X",
            "DL_CODE": "X",
            "ASSEMBLY": "X",
            "ERR_CLASS": null,
            "QUANT_EXT_ITEM": null,
            "QUANT_INT_ITEM": "X",
            "QUANT_DEFECTS": null,
            "VALUATION_DEF": null,
            "PHYS_SAMPLE_NR": null,
            "SINGLE_UNIT_NR": "X",
            "ASSEMBLY_EXTERNAL": null,
            "ASSEMBLY_GUID": null,
            "ASSEMBLY_VERSION": null
        }
    ],
    "ZQM_CHANGE_NOTIFICATION_NOTIFCAUS": [],
    "ZQM_CHANGE_NOTIFICATION_NOTIFCAUS_X": [],
    "ZQM_CHANGE_NOTIFICATION_NOTIFACTV": [],
    "ZQM_CHANGE_NOTIFICATION_NOTIFACTV_X": [],
    "ZQM_CHANGE_NOTIFICATION_NOTIFTASK": [],
    "ZQM_CHANGE_NOTIFICATION_NOTIFTASK_X": [],
    "ZQM_CHANGE_NOTIFICATION_NOTIFPARTNR": [],
    "ZQM_CHANGE_NOTIFICATION_NOTIFPARTNR_X": [],
    "ZQM_CHANGE_NOTIFICATION_NOTFULLTXT": [],
    "ZQM_CHANGE_NOTIFICATION_NOTFULLTXT_ADD": [],
    "ZQM_CHANGE_NOTIFICATION_NOTITEM_ADD": [],
    "ZQM_CHANGE_NOTIFICATION_NOTIFCAUS_ADD": [],
    "ZQM_CHANGE_NOTIFICATION_NOTIFACTV_ADD": [],
    "ZQM_CHANGE_NOTIFICATION_NOTIFTASK_ADD": [],
    "ZQM_CHANGE_NOTIFICATION_NOTIFPARTNR_ADD": [],
    "ZQM_CHANGE_NOTIFICATION_NOTITEM_DEL": [],
    "ZQM_CHANGE_NOTIFICATION_NOTIFCAUS_DEL": [],
    "ZQM_CHANGE_NOTIFICATION_NOTIFACTV_DEL": [],
    "ZQM_CHANGE_NOTIFICATION_NOTIFTASK_DEL": [],
    "ZQM_CHANGE_NOTIFICATION_NOTIFPARTNR_DEL": [],
    "ID_NO": null,
    "FALG_DEL": null,
    "COMPLETE": null,
    "NOTIF_NO": "200045600"
}